Workbook

Sheet transactions_raw
A1: transaction_id | B1: transaction_date | C1: merchant_name | D1: raw_amount | E1: currency | F1: status | G1: risk_score | H1: gateway_region | I1: user_id | J1: payment_method | M1: merchant_name_clean | N1: account_manager | O1: merchant_id | P1: merchant_category | Q1: default_region | R1: standard_date_format | S1: standrized_status_value | T1: standarized_gateway_region | U1: standrized_risk_score | V1: merchant_key | W1: amount_usd | X1: high_risk_flag | Y1: high_value_flag
A2: T001 | B2: 46082 | C2: alpha mart | D2: 420000 | E2: INR | F2: captured | G2: score:62 | H2: APAC | I2: U001 | J2: UPI | M2: =PROPER(TRIM(SUBSTITUTE(C2," "," "))) -> Alpha Mart | N2: =VLOOKUP(M2, merchant_master!$A$2:$F$6, 4, FALSE) -> Aisha Khan | O2: =VLOOKUP(M2, merchant_master!$A$2:$F$6, 2, FALSE) -> M001 | P2: =VLOOKUP(M2, merchant_master!$A$2:$F$6, 5, FALSE) -> Grocery | Q2: =VLOOKUP(M2, merchant_master!$A$2:$F$6, 6, FALSE) -> APAC | R2: =B2 -> 46082 | S2: =IF(ISNUMBER(SEARCH("chargeback",F2)),"CHARGEBACK",IF(OR(ISNUMBER(SEARCH("fail",F2)),ISNUMBER(SEARCH("e05",F2))),"FAILED",IF(ISNUMBER(SEARCH("captured",F2)),"CAPTURED","UNKNOWN"))) -> CAPTURED | T2: =UPPER(TRIM(H2)) -> APAC | U2: =VALUE(SUBSTITUTE(SUBSTITUTE(G2,"score:",""),"risk-","")) -> 62 | V2: =R2 & "|" & E2 -> 46082|INR | W2: =D2 * INDEX(exchange_rates!$C$2:$C$19, MATCH(V2, exchange_rates!$D$2:$D$19, 0)) -> 4998 | X2: =IF(OR(U2>=70, ISNUMBER(SEARCH("CHARGEBACK", S2))), 1, 0) -> 0 | Y2: =IF(AND(T2="APAC", W2>5000), 1,IF(AND(T2="EU", W2>6000), 1,IF(AND(T2="US", W2>7000), 1, 0))) -> 0
A3: T002 | B3: 46082 | C3: ALPHA MART | D3: 210000 | E3: INR | F3: Captured | G3: 55 | I3: U002 | J3: Card | M3: =PROPER(TRIM(SUBSTITUTE(C3," "," "))) -> Alpha Mart | N3: =VLOOKUP(M3, merchant_master!$A$2:$F$6, 4, FALSE) -> Aisha Khan | O3: =VLOOKUP(M3, merchant_master!$A$2:$F$6, 2, FALSE) -> M001 | P3: =VLOOKUP(M3, merchant_master!$A$2:$F$6, 5, FALSE) -> Grocery | Q3: =VLOOKUP(M3, merchant_master!$A$2:$F$6, 6, FALSE) -> APAC | R3: =B3 -> 46082 | S3: =IF(ISNUMBER(SEARCH("chargeback",F3)),"CHARGEBACK",IF(OR(ISNUMBER(SEARCH("fail",F3)),ISNUMBER(SEARCH("e05",F3))),"FAILED",IF(ISNUMBER(SEARCH("captured",F3)),"CAPTURED","UNKNOWN"))) -> CAPTURED | U3: =VALUE(SUBSTITUTE(SUBSTITUTE(G3,"score:",""),"risk-","")) -> 55 | V3: =R3 & "|" & E3 -> 46082|INR | W3: =D3 * INDEX(exchange_rates!$C$2:$C$19, MATCH(V3, exchange_rates!$D$2:$D$19, 0)) -> 2499 | X3: =IF(OR(U3>=70, ISNUMBER(SEARCH("CHARGEBACK", S3))), 1, 0) -> 0 | Y3: =IF(AND(T3="APAC", W3>5000), 1,IF(AND(T3="EU", W3>6000), 1,IF(AND(T3="US", W3>7000), 1, 0))) -> 0
A4: T003 | B4: 46082 | C4: BETA STORES | D4: 510000 | E4: INR | F4: CAPTURED | G4: 71 | H4: APAC | I4: U003 | J4: NetBanking | M4: =PROPER(TRIM(SUBSTITUTE(C4," "," "))) -> Beta Stores | N4: =VLOOKUP(M4, merchant_master!$A$2:$F$6, 4, FALSE) -> Rohan Mehta | O4: =VLOOKUP(M4, merchant_master!$A$2:$F$6, 2, FALSE) -> M002 | P4: =VLOOKUP(M4, merchant_master!$A$2:$F$6, 5, FALSE) -> Electronics | Q4: =VLOOKUP(M4, merchant_master!$A$2:$F$6, 6, FALSE) -> APAC | R4: =B4 -> 46082 | S4: =IF(ISNUMBER(SEARCH("chargeback",F4)),"CHARGEBACK",IF(OR(ISNUMBER(SEARCH("fail",F4)),ISNUMBER(SEARCH("e05",F4))),"FAILED",IF(ISNUMBER(SEARCH("captured",F4)),"CAPTURED","UNKNOWN"))) -> CAPTURED | T4: =UPPER(TRIM(H4)) -> APAC | U4: =VALUE(SUBSTITUTE(SUBSTITUTE(G4,"score:",""),"risk-","")) -> 71 | V4: =R4 & "|" & E4 -> 46082|INR | W4: =D4 * INDEX(exchange_rates!$C$2:$C$19, MATCH(V4, exchange_rates!$D$2:$D$19, 0)) -> 6069 | X4: =IF(OR(U4>=70, ISNUMBER(SEARCH("CHARGEBACK", S4))), 1, 0) -> 1 | Y4: =IF(AND(T4="APAC", W4>5000), 1,IF(AND(T4="EU", W4>6000), 1,IF(AND(T4="US", W4>7000), 1, 0))) -> 1
A5: T004 | B5: 46083 | C5: Beta Stores | D5: 160000 | E5: INR | F5: failed e05 timeout | G5: 68 | H5: apac | I5: U004 | J5: Card | M5: =PROPER(TRIM(SUBSTITUTE(C5," "," "))) -> Beta Stores | N5: =VLOOKUP(M5, merchant_master!$A$2:$F$6, 4, FALSE) -> Rohan Mehta | O5: =VLOOKUP(M5, merchant_master!$A$2:$F$6, 2, FALSE) -> M002 | P5: =VLOOKUP(M5, merchant_master!$A$2:$F$6, 5, FALSE) -> Electronics | Q5: =VLOOKUP(M5, merchant_master!$A$2:$F$6, 6, FALSE) -> APAC | R5: =B5 -> 46083 | S5: =IF(ISNUMBER(SEARCH("chargeback",F5)),"CHARGEBACK",IF(OR(ISNUMBER(SEARCH("fail",F5)),ISNUMBER(SEARCH("e05",F5))),"FAILED",IF(ISNUMBER(SEARCH("captured",F5)),"CAPTURED","UNKNOWN"))) -> FAILED | T5: =UPPER(TRIM(H5)) -> APAC | U5: =VALUE(SUBSTITUTE(SUBSTITUTE(G5,"score:",""),"risk-","")) -> 68 | V5: =R5 & "|" & E5 -> 46083|INR | W5: =D5 * INDEX(exchange_rates!$C$2:$C$19, MATCH(V5, exchange_rates!$D$2:$D$19, 0)) -> 1920 | X5: =IF(OR(U5>=70, ISNUMBER(SEARCH("CHARGEBACK", S5))), 1, 0) -> 0 | Y5: =IF(AND(T5="APAC", W5>5000), 1,IF(AND(T5="EU", W5>6000), 1,IF(AND(T5="US", W5>7000), 1, 0))) -> 0
A6: T005 | B6: 46083 | C6: Alpha Mart | D6: 390000 | E6: INR | F6: CAPTURED | G6: 58 | I6: U001 | J6: UPI | M6: =PROPER(TRIM(SUBSTITUTE(C6," "," "))) -> Alpha Mart | N6: =VLOOKUP(M6, merchant_master!$A$2:$F$6, 4, FALSE) -> Aisha Khan | O6: =VLOOKUP(M6, merchant_master!$A$2:$F$6, 2, FALSE) -> M001 | P6: =VLOOKUP(M6, merchant_master!$A$2:$F$6, 5, FALSE) -> Grocery | Q6: =VLOOKUP(M6, merchant_master!$A$2:$F$6, 6, FALSE) -> APAC | R6: =B6 -> 46083 | S6: =IF(ISNUMBER(SEARCH("chargeback",F6)),"CHARGEBACK",IF(OR(ISNUMBER(SEARCH("fail",F6)),ISNUMBER(SEARCH("e05",F6))),"FAILED",IF(ISNUMBER(SEARCH("captured",F6)),"CAPTURED","UNKNOWN"))) -> CAPTURED | T6: =UPPER(TRIM(H6)) | U6: =VALUE(SUBSTITUTE(SUBSTITUTE(G6,"score:",""),"risk-","")) -> 58 | V6: =R6 & "|" & E6 -> 46083|INR | W6: =D6 * INDEX(exchange_rates!$C$2:$C$19, MATCH(V6, exchange_rates!$D$2:$D$19, 0)) -> 4680 | X6: =IF(OR(U6>=70, ISNUMBER(SEARCH("CHARGEBACK", S6))), 1, 0) -> 0 | Y6: =IF(AND(T6="APAC", W6>5000), 1,IF(AND(T6="EU", W6>6000), 1,IF(AND(T6="US", W6>7000), 1, 0))) -> 0
A7: T006 | B7: 46083 | C7: Beta Stores | D7: 275000 | E7: INR | F7: Captured | G7: score:64 | I7: U005 | J7: Wallet | M7: =PROPER(TRIM(SUBSTITUTE(C7," "," "))) -> Beta Stores | N7: =VLOOKUP(M7, merchant_master!$A$2:$F$6, 4, FALSE) -> Rohan Mehta | O7: =VLOOKUP(M7, merchant_master!$A$2:$F$6, 2, FALSE) -> M002 | P7: =VLOOKUP(M7, merchant_master!$A$2:$F$6, 5, FALSE) -> Electronics | Q7: =VLOOKUP(M7, merchant_master!$A$2:$F$6, 6, FALSE) -> APAC | R7: =B7 -> 46083 | S7: =IF(ISNUMBER(SEARCH("chargeback",F7)),"CHARGEBACK",IF(OR(ISNUMBER(SEARCH("fail",F7)),ISNUMBER(SEARCH("e05",F7))),"FAILED",IF(ISNUMBER(SEARCH("captured",F7)),"CAPTURED","UNKNOWN"))) -> CAPTURED | T7: =UPPER(TRIM(H7)) | U7: =VALUE(SUBSTITUTE(SUBSTITUTE(G7,"score:",""),"risk-","")) -> 64 | V7: =R7 & "|" & E7 -> 46083|INR | W7: =D7 * INDEX(exchange_rates!$C$2:$C$19, MATCH(V7, exchange_rates!$D$2:$D$19, 0)) -> 3300 | X7: =IF(OR(U7>=70, ISNUMBER(SEARCH("CHARGEBACK", S7))), 1, 0) -> 0 | Y7: =IF(AND(T7="APAC", W7>5000), 1,IF(AND(T7="EU", W7>6000), 1,IF(AND(T7="US", W7>7000), 1, 0))) -> 0
A8: T007 | B8: 46083 | C8: Alpha Mart | D8: 450000 | E8: INR | F8: chargeback | G8: risk-83 | H8: APAC | I8: U006 | J8: Card | M8: =PROPER(TRIM(SUBSTITUTE(C8," "," "))) -> Alpha Mart | N8: =VLOOKUP(M8, merchant_master!$A$2:$F$6, 4, FALSE) -> Aisha Khan | O8: =VLOOKUP(M8, merchant_master!$A$2:$F$6, 2, FALSE) -> M001 | P8: =VLOOKUP(M8, merchant_master!$A$2:$F$6, 5, FALSE) -> Grocery | Q8: =VLOOKUP(M8, merchant_master!$A$2:$F$6, 6, FALSE) -> APAC | R8: =B8 -> 46083 | S8: =IF(ISNUMBER(SEARCH("chargeback",F8)),"CHARGEBACK",IF(OR(ISNUMBER(SEARCH("fail",F8)),ISNUMBER(SEARCH("e05",F8))),"FAILED",IF(ISNUMBER(SEARCH("captured",F8)),"CAPTURED","UNKNOWN"))) -> CHARGEBACK | T8: =UPPER(TRIM(H8)) -> APAC | U8: =VALUE(SUBSTITUTE(SUBSTITUTE(G8,"score:",""),"risk-","")) -> 83 | V8: =R8 & "|" & E8 -> 46083|INR | W8: =D8 * INDEX(exchange_rates!$C$2:$C$19, MATCH(V8, exchange_rates!$D$2:$D$19, 0)) -> 5400 | X8: =IF(OR(U8>=70, ISNUMBER(SEARCH("CHARGEBACK", S8))), 1, 0) -> 1 | Y8: =IF(AND(T8="APAC", W8>5000), 1,IF(AND(T8="EU", W8>6000), 1,IF(AND(T8="US", W8>7000), 1, 0))) -> 1
A9: T008 | B9: 46084 | C9: BETA STORES | D9: 340000 | E9: INR | F9: Captured | G9: 59 | I9: U007 | J9: UPI | M9: =PROPER(TRIM(SUBSTITUTE(C9," "," "))) -> Beta Stores | N9: =VLOOKUP(M9, merchant_master!$A$2:$F$6, 4, FALSE) -> Rohan Mehta | O9: =VLOOKUP(M9, merchant_master!$A$2:$F$6, 2, FALSE) -> M002 | P9: =VLOOKUP(M9, merchant_master!$A$2:$F$6, 5, FALSE) -> Electronics | Q9: =VLOOKUP(M9, merchant_master!$A$2:$F$6, 6, FALSE) -> APAC | R9: =B9 -> 46084 | S9: =IF(ISNUMBER(SEARCH("chargeback",F9)),"CHARGEBACK",IF(OR(ISNUMBER(SEARCH("fail",F9)),ISNUMBER(SEARCH("e05",F9))),"FAILED",IF(ISNUMBER(SEARCH("captured",F9)),"CAPTURED","UNKNOWN"))) -> CAPTURED | T9: =UPPER(TRIM(H9)) | U9: =VALUE(SUBSTITUTE(SUBSTITUTE(G9,"score:",""),"risk-","")) -> 59 | V9: =R9 & "|" & E9 -> 46084|INR | W9: =D9 * INDEX(exchange_rates!$C$2:$C$19, MATCH(V9, exchange_rates!$D$2:$D$19, 0)) -> 4114 | X9: =IF(OR(U9>=70, ISNUMBER(SEARCH("CHARGEBACK", S9))), 1, 0) -> 0 | Y9: =IF(AND(T9="APAC", W9>5000), 1,IF(AND(T9="EU", W9>6000), 1,IF(AND(T9="US", W9>7000), 1, 0))) -> 0
A10: T009 | B10: 46084 | C10: Alpha Mart | D10: 125000 | E10: INR | F10: captured | G10: 46 | H10: APAC | I10: U002 | J10: Wallet | M10: =PROPER(TRIM(SUBSTITUTE(C10," "," "))) -> Alpha Mart | N10: =VLOOKUP(M10, merchant_master!$A$2:$F$6, 4, FALSE) -> Aisha Khan | O10: =VLOOKUP(M10, merchant_master!$A$2:$F$6, 2, FALSE) -> M001 | P10: =VLOOKUP(M10, merchant_master!$A$2:$F$6, 5, FALSE) -> Grocery | Q10: =VLOOKUP(M10, merchant_master!$A$2:$F$6, 6, FALSE) -> APAC | R10: =B10 -> 46084 | S10: =IF(ISNUMBER(SEARCH("chargeback",F10)),"CHARGEBACK",IF(OR(ISNUMBER(SEARCH("fail",F10)),ISNUMBER(SEARCH("e05",F10))),"FAILED",IF(ISNUMBER(SEARCH("captured",F10)),"CAPTURED","UNKNOWN"))) -> CAPTURED | T10: =UPPER(TRIM(H10)) -> APAC | U10: =VALUE(SUBSTITUTE(SUBSTITUTE(G10,"score:",""),"risk-","")) -> 46 | V10: =R10 & "|" & E10 -> 46084|INR | W10: =D10 * INDEX(exchange_rates!$C$2:$C$19, MATCH(V10, exchange_rates!$D$2:$D$19, 0)) -> 1512.5 | X10: =IF(OR(U10>=70, ISNUMBER(SEARCH("CHARGEBACK", S10))), 1, 0) -> 0 | Y10: =IF(AND(T10="APAC", W10>5000), 1,IF(AND(T10="EU", W10>6000), 1,IF(AND(T10="US", W10>7000), 1, 0))) -> 0
A11: T010 | B11: 46084 | C11: Beta Stores | D11: 610000 | E11: INR | F11: captured | G11: risk-77 | I11: U003 | J11: Card | M11: =PROPER(TRIM(SUBSTITUTE(C11," "," "))) -> Beta Stores | N11: =VLOOKUP(M11, merchant_master!$A$2:$F$6, 4, FALSE) -> Rohan Mehta | O11: =VLOOKUP(M11, merchant_master!$A$2:$F$6, 2, FALSE) -> M002 | P11: =VLOOKUP(M11, merchant_master!$A$2:$F$6, 5, FALSE) -> Electronics | Q11: =VLOOKUP(M11, merchant_master!$A$2:$F$6, 6, FALSE) -> APAC | R11: =B11 -> 46084 | S11: =IF(ISNUMBER(SEARCH("chargeback",F11)),"CHARGEBACK",IF(OR(ISNUMBER(SEARCH("fail",F11)),ISNUMBER(SEARCH("e05",F11))),"FAILED",IF(ISNUMBER(SEARCH("captured",F11)),"CAPTURED","UNKNOWN"))) -> CAPTURED | T11: =UPPER(TRIM(H11)) | U11: =VALUE(SUBSTITUTE(SUBSTITUTE(G11,"score:",""),"risk-","")) -> 77 | V11: =R11 & "|" & E11 -> 46084|INR | W11: =D11 * INDEX(exchange_rates!$C$2:$C$19, MATCH(V11, exchange_rates!$D$2:$D$19, 0)) -> 7381 | X11: =IF(OR(U11>=70, ISNUMBER(SEARCH("CHARGEBACK", S11))), 1, 0) -> 1 | Y11: =IF(AND(T11="APAC", W11>5000), 1,IF(AND(T11="EU", W11>6000), 1,IF(AND(T11="US", W11>7000), 1, 0))) -> 0
A12: T011 | B12: 46084 | C12: Alpha Mart | D12: 195000 | E12: INR | F12: FAILED e05 TIMEOUT | I12: U008 | J12: UPI | M12: =PROPER(TRIM(SUBSTITUTE(C12," "," "))) -> Alpha Mart | N12: =VLOOKUP(M12, merchant_master!$A$2:$F$6, 4, FALSE) -> Aisha Khan | O12: =VLOOKUP(M12, merchant_master!$A$2:$F$6, 2, FALSE) -> M001 | P12: =VLOOKUP(M12, merchant_master!$A$2:$F$6, 5, FALSE) -> Grocery | Q12: =VLOOKUP(M12, merchant_master!$A$2:$F$6, 6, FALSE) -> APAC | R12: =B12 -> 46084 | S12: =IF(ISNUMBER(SEARCH("chargeback",F12)),"CHARGEBACK",IF(OR(ISNUMBER(SEARCH("fail",F12)),ISNUMBER(SEARCH("e05",F12))),"FAILED",IF(ISNUMBER(SEARCH("captured",F12)),"CAPTURED","UNKNOWN"))) -> FAILED | T12: =UPPER(TRIM(H12)) | U12: =MEDIAN(U2:U11,U13:U31) -> 61 | V12: =R12 & "|" & E12 -> 46084|INR | W12: =D12 * INDEX(exchange_rates!$C$2:$C$19, MATCH(V12, exchange_rates!$D$2:$D$19, 0)) -> 2359.5 | X12: =IF(OR(U12>=70, ISNUMBER(SEARCH("CHARGEBACK", S12))), 1, 0) -> 0 | Y12: =IF(AND(T12="APAC", W12>5000), 1,IF(AND(T12="EU", W12>6000), 1,IF(AND(T12="US", W12>7000), 1, 0))) -> 0
A13: T012 | B13: 46085 | C13: Beta Stores | D13: 250000 | E13: INR | F13: captured | G13: risk-61 | H13: APAC | I13: U009 | J13: Card | M13: =PROPER(TRIM(SUBSTITUTE(C13," "," "))) -> Beta Stores | N13: =VLOOKUP(M13, merchant_master!$A$2:$F$6, 4, FALSE) -> Rohan Mehta | O13: =VLOOKUP(M13, merchant_master!$A$2:$F$6, 2, FALSE) -> M002 | P13: =VLOOKUP(M13, merchant_master!$A$2:$F$6, 5, FALSE) -> Electronics | Q13: =VLOOKUP(M13, merchant_master!$A$2:$F$6, 6, FALSE) -> APAC | R13: =B13 -> 46085 | S13: =IF(ISNUMBER(SEARCH("chargeback",F13)),"CHARGEBACK",IF(OR(ISNUMBER(SEARCH("fail",F13)),ISNUMBER(SEARCH("e05",F13))),"FAILED",IF(ISNUMBER(SEARCH("captured",F13)),"CAPTURED","UNKNOWN"))) -> CAPTURED | T13: =UPPER(TRIM(H13)) -> APAC | U13: =VALUE(SUBSTITUTE(SUBSTITUTE(G13,"score:",""),"risk-","")) -> 61 | V13: =R13 & "|" & E13 -> 46085|INR | W13: =D13 * INDEX(exchange_rates!$C$2:$C$19, MATCH(V13, exchange_rates!$D$2:$D$19, 0)) -> 3000 | X13: =IF(OR(U13>=70, ISNUMBER(SEARCH("CHARGEBACK", S13))), 1, 0) -> 0 | Y13: =IF(AND(T13="APAC", W13>5000), 1,IF(AND(T13="EU", W13>6000), 1,IF(AND(T13="US", W13>7000), 1, 0))) -> 0
A14: T013 | B14: 46085 | C14: alpha mart | D14: 310000 | E14: INR | F14: captured | G14: score:54 | H14: APAC | I14: U010 | J14: UPI | M14: =PROPER(TRIM(SUBSTITUTE(C14," "," "))) -> Alpha Mart | N14: =VLOOKUP(M14, merchant_master!$A$2:$F$6, 4, FALSE) -> Aisha Khan | O14: =VLOOKUP(M14, merchant_master!$A$2:$F$6, 2, FALSE) -> M001 | P14: =VLOOKUP(M14, merchant_master!$A$2:$F$6, 5, FALSE) -> Grocery | Q14: =VLOOKUP(M14, merchant_master!$A$2:$F$6, 6, FALSE) -> APAC | R14: =B14 -> 46085 | S14: =IF(ISNUMBER(SEARCH("chargeback",F14)),"CHARGEBACK",IF(OR(ISNUMBER(SEARCH("fail",F14)),ISNUMBER(SEARCH("e05",F14))),"FAILED",IF(ISNUMBER(SEARCH("captured",F14)),"CAPTURED","UNKNOWN"))) -> CAPTURED | T14: =UPPER(TRIM(H14)) -> APAC | U14: =VALUE(SUBSTITUTE(SUBSTITUTE(G14,"score:",""),"risk-","")) -> 54 | V14: =R14 & "|" & E14 -> 46085|INR | W14: =D14 * INDEX(exchange_rates!$C$2:$C$19, MATCH(V14, exchange_rates!$D$2:$D$19, 0)) -> 3720 | X14: =IF(OR(U14>=70, ISNUMBER(SEARCH("CHARGEBACK", S14))), 1, 0) -> 0 | Y14: =IF(AND(T14="APAC", W14>5000), 1,IF(AND(T14="EU", W14>6000), 1,IF(AND(T14="US", W14>7000), 1, 0))) -> 0
A15: T014 | B15: 46085 | C15: Beta Stores | D15: 470000 | E15: INR | F15: captured | G15: risk-73 | H15: APAC | I15: U001 | J15: NetBanking | M15: =PROPER(TRIM(SUBSTITUTE(C15," "," "))) -> Beta Stores | N15: =VLOOKUP(M15, merchant_master!$A$2:$F$6, 4, FALSE) -> Rohan Mehta | O15: =VLOOKUP(M15, merchant_master!$A$2:$F$6, 2, FALSE) -> M002 | P15: =VLOOKUP(M15, merchant_master!$A$2:$F$6, 5, FALSE) -> Electronics | Q15: =VLOOKUP(M15, merchant_master!$A$2:$F$6, 6, FALSE) -> APAC | R15: =B15 -> 46085 | S15: =IF(ISNUMBER(SEARCH("chargeback",F15)),"CHARGEBACK",IF(OR(ISNUMBER(SEARCH("fail",F15)),ISNUMBER(SEARCH("e05",F15))),"FAILED",IF(ISNUMBER(SEARCH("captured",F15)),"CAPTURED","UNKNOWN"))) -> CAPTURED | T15: =UPPER(TRIM(H15)) -> APAC | U15: =VALUE(SUBSTITUTE(SUBSTITUTE(G15,"score:",""),"risk-","")) -> 73 | V15: =R15 & "|" & E15 -> 46085|INR | W15: =D15 * INDEX(exchange_rates!$C$2:$C$19, MATCH(V15, exchange_rates!$D$2:$D$19, 0)) -> 5640 | X15: =IF(OR(U15>=70, ISNUMBER(SEARCH("CHARGEBACK", S15))), 1, 0) -> 1 | Y15: =IF(AND(T15="APAC", W15>5000), 1,IF(AND(T15="EU", W15>6000), 1,IF(AND(T15="US", W15>7000), 1, 0))) -> 1
A16: T015 | B16: 46085 | C16: Alpha Mart | D16: 130000 | E16: INR | F16: captured | G16: score:52 | I16: U002 | J16: Card | M16: =PROPER(TRIM(SUBSTITUTE(C16," "," "))) -> Alpha Mart | N16: =VLOOKUP(M16, merchant_master!$A$2:$F$6, 4, FALSE) -> Aisha Khan | O16: =VLOOKUP(M16, merchant_master!$A$2:$F$6, 2, FALSE) -> M001 | P16: =VLOOKUP(M16, merchant_master!$A$2:$F$6, 5, FALSE) -> Grocery | Q16: =VLOOKUP(M16, merchant_master!$A$2:$F$6, 6, FALSE) -> APAC | R16: =B16 -> 46085 | S16: =IF(ISNUMBER(SEARCH("chargeback",F16)),"CHARGEBACK",IF(OR(ISNUMBER(SEARCH("fail",F16)),ISNUMBER(SEARCH("e05",F16))),"FAILED",IF(ISNUMBER(SEARCH("captured",F16)),"CAPTURED","UNKNOWN"))) -> CAPTURED | T16: =UPPER(TRIM(H16)) | U16: =VALUE(SUBSTITUTE(SUBSTITUTE(G16,"score:",""),"risk-","")) -> 52 | V16: =R16 & "|" & E16 -> 46085|INR | W16: =D16 * INDEX(exchange_rates!$C$2:$C$19, MATCH(V16, exchange_rates!$D$2:$D$19, 0)) -> 1560 | X16: =IF(OR(U16>=70, ISNUMBER(SEARCH("CHARGEBACK", S16))), 1, 0) -> 0 | Y16: =IF(AND(T16="APAC", W16>5000), 1,IF(AND(T16="EU", W16>6000), 1,IF(AND(T16="US", W16>7000), 1, 0))) -> 0
A17: T016 | B17: 46086 | C17: Beta Stores | D17: 220000 | E17: INR | F17: failed E05 timeout | G17: risk-69 | I17: U008 | J17: Card | M17: =PROPER(TRIM(SUBSTITUTE(C17," "," "))) -> Beta Stores | N17: =VLOOKUP(M17, merchant_master!$A$2:$F$6, 4, FALSE) -> Rohan Mehta | O17: =VLOOKUP(M17, merchant_master!$A$2:$F$6, 2, FALSE) -> M002 | P17: =VLOOKUP(M17, merchant_master!$A$2:$F$6, 5, FALSE) -> Electronics | Q17: =VLOOKUP(M17, merchant_master!$A$2:$F$6, 6, FALSE) -> APAC | R17: =B17 -> 46086 | S17: =IF(ISNUMBER(SEARCH("chargeback",F17)),"CHARGEBACK",IF(OR(ISNUMBER(SEARCH("fail",F17)),ISNUMBER(SEARCH("e05",F17))),"FAILED",IF(ISNUMBER(SEARCH("captured",F17)),"CAPTURED","UNKNOWN"))) -> FAILED | T17: =UPPER(TRIM(H17)) | U17: =VALUE(SUBSTITUTE(SUBSTITUTE(G17,"score:",""),"risk-","")) -> 69 | V17: =R17 & "|" & E17 -> 46086|INR | W17: =D17 * INDEX(exchange_rates!$C$2:$C$19, MATCH(V17, exchange_rates!$D$2:$D$19, 0)) -> 2596 | X17: =IF(OR(U17>=70, ISNUMBER(SEARCH("CHARGEBACK", S17))), 1, 0) -> 0 | Y17: =IF(AND(T17="APAC", W17>5000), 1,IF(AND(T17="EU", W17>6000), 1,IF(AND(T17="US", W17>7000), 1, 0))) -> 0
A18: T017 | B18: 46086 | C18: Beta Stores | D18: 180000 | E18: INR | F18: Failed E05 Timeout | G18: score:72 | H18: apac | I18: U008 | J18: Card | M18: =PROPER(TRIM(SUBSTITUTE(C18," "," "))) -> Beta Stores | N18: =VLOOKUP(M18, merchant_master!$A$2:$F$6, 4, FALSE) -> Rohan Mehta | O18: =VLOOKUP(M18, merchant_master!$A$2:$F$6, 2, FALSE) -> M002 | P18: =VLOOKUP(M18, merchant_master!$A$2:$F$6, 5, FALSE) -> Electronics | Q18: =VLOOKUP(M18, merchant_master!$A$2:$F$6, 6, FALSE) -> APAC | R18: =B18 -> 46086 | S18: =IF(ISNUMBER(SEARCH("chargeback",F18)),"CHARGEBACK",IF(OR(ISNUMBER(SEARCH("fail",F18)),ISNUMBER(SEARCH("e05",F18))),"FAILED",IF(ISNUMBER(SEARCH("captured",F18)),"CAPTURED","UNKNOWN"))) -> FAILED | T18: =UPPER(TRIM(H18)) -> APAC | U18: =VALUE(SUBSTITUTE(SUBSTITUTE(G18,"score:",""),"risk-","")) -> 72 | V18: =R18 & "|" & E18 -> 46086|INR | W18: =D18 * INDEX(exchange_rates!$C$2:$C$19, MATCH(V18, exchange_rates!$D$2:$D$19, 0)) -> 2124 | X18: =IF(OR(U18>=70, ISNUMBER(SEARCH("CHARGEBACK", S18))), 1, 0) -> 1 | Y18: =IF(AND(T18="APAC", W18>5000), 1,IF(AND(T18="EU", W18>6000), 1,IF(AND(T18="US", W18>7000), 1, 0))) -> 0
A19: T018 | B19: 46086 | C19: BETA STORES | D19: 145000 | E19: INR | F19: chargeback | G19: risk-86 | H19: APAC | I19: U008 | J19: UPI | M19: =PROPER(TRIM(SUBSTITUTE(C19," "," "))) -> Beta Stores | N19: =VLOOKUP(M19, merchant_master!$A$2:$F$6, 4, FALSE) -> Rohan Mehta | O19: =VLOOKUP(M19, merchant_master!$A$2:$F$6, 2, FALSE) -> M002 | P19: =VLOOKUP(M19, merchant_master!$A$2:$F$6, 5, FALSE) -> Electronics | Q19: =VLOOKUP(M19, merchant_master!$A$2:$F$6, 6, FALSE) -> APAC | R19: =B19 -> 46086 | S19: =IF(ISNUMBER(SEARCH("chargeback",F19)),"CHARGEBACK",IF(OR(ISNUMBER(SEARCH("fail",F19)),ISNUMBER(SEARCH("e05",F19))),"FAILED",IF(ISNUMBER(SEARCH("captured",F19)),"CAPTURED","UNKNOWN"))) -> CHARGEBACK | T19: =UPPER(TRIM(H19)) -> APAC | U19: =VALUE(SUBSTITUTE(SUBSTITUTE(G19,"score:",""),"risk-","")) -> 86 | V19: =R19 & "|" & E19 -> 46086|INR | W19: =D19 * INDEX(exchange_rates!$C$2:$C$19, MATCH(V19, exchange_rates!$D$2:$D$19, 0)) -> 1711 | X19: =IF(OR(U19>=70, ISNUMBER(SEARCH("CHARGEBACK", S19))), 1, 0) -> 1 | Y19: =IF(AND(T19="APAC", W19>5000), 1,IF(AND(T19="EU", W19>6000), 1,IF(AND(T19="US", W19>7000), 1, 0))) -> 0
A20: T019 | B20: 46086 | C20: Alpha Mart | D20: 260000 | E20: INR | F20: Failed E05 Timeout | G20: score:67 | H20: apac | I20: U008 | J20: Wallet | M20: =PROPER(TRIM(SUBSTITUTE(C20," "," "))) -> Alpha Mart | N20: =VLOOKUP(M20, merchant_master!$A$2:$F$6, 4, FALSE) -> Aisha Khan | O20: =VLOOKUP(M20, merchant_master!$A$2:$F$6, 2, FALSE) -> M001 | P20: =VLOOKUP(M20, merchant_master!$A$2:$F$6, 5, FALSE) -> Grocery | Q20: =VLOOKUP(M20, merchant_master!$A$2:$F$6, 6, FALSE) -> APAC | R20: =B20 -> 46086 | S20: =IF(ISNUMBER(SEARCH("chargeback",F20)),"CHARGEBACK",IF(OR(ISNUMBER(SEARCH("fail",F20)),ISNUMBER(SEARCH("e05",F20))),"FAILED",IF(ISNUMBER(SEARCH("captured",F20)),"CAPTURED","UNKNOWN"))) -> FAILED | T20: =UPPER(TRIM(H20)) -> APAC | U20: =VALUE(SUBSTITUTE(SUBSTITUTE(G20,"score:",""),"risk-","")) -> 67 | V20: =R20 & "|" & E20 -> 46086|INR | W20: =D20 * INDEX(exchange_rates!$C$2:$C$19, MATCH(V20, exchange_rates!$D$2:$D$19, 0)) -> 3068 | X20: =IF(OR(U20>=70, ISNUMBER(SEARCH("CHARGEBACK", S20))), 1, 0) -> 0 | Y20: =IF(AND(T20="APAC", W20>5000), 1,IF(AND(T20="EU", W20>6000), 1,IF(AND(T20="US", W20>7000), 1, 0))) -> 0
A21: T020 | B21: 46086 | C21: Alpha Mart | D21: 520000 | E21: INR | F21: Captured | G21: 75 | H21: APAC | I21: U005 | J21: UPI | M21: =PROPER(TRIM(SUBSTITUTE(C21," "," "))) -> Alpha Mart | N21: =VLOOKUP(M21, merchant_master!$A$2:$F$6, 4, FALSE) -> Aisha Khan | O21: =VLOOKUP(M21, merchant_master!$A$2:$F$6, 2, FALSE) -> M001 | P21: =VLOOKUP(M21, merchant_master!$A$2:$F$6, 5, FALSE) -> Grocery | Q21: =VLOOKUP(M21, merchant_master!$A$2:$F$6, 6, FALSE) -> APAC | R21: =B21 -> 46086 | S21: =IF(ISNUMBER(SEARCH("chargeback",F21)),"CHARGEBACK",IF(OR(ISNUMBER(SEARCH("fail",F21)),ISNUMBER(SEARCH("e05",F21))),"FAILED",IF(ISNUMBER(SEARCH("captured",F21)),"CAPTURED","UNKNOWN"))) -> CAPTURED | T21: =UPPER(TRIM(H21)) -> APAC | U21: =VALUE(SUBSTITUTE(SUBSTITUTE(G21,"score:",""),"risk-","")) -> 75 | V21: =R21 & "|" & E21 -> 46086|INR | W21: =D21 * INDEX(exchange_rates!$C$2:$C$19, MATCH(V21, exchange_rates!$D$2:$D$19, 0)) -> 6136 | X21: =IF(OR(U21>=70, ISNUMBER(SEARCH("CHARGEBACK", S21))), 1, 0) -> 1 | Y21: =IF(AND(T21="APAC", W21>5000), 1,IF(AND(T21="EU", W21>6000), 1,IF(AND(T21="US", W21>7000), 1, 0))) -> 1
A22: T021 | B22: 46087 | C22: beta stores | D22: 330000 | E22: INR | F22: captured | G22: score:63 | I22: U006 | J22: Card | M22: =PROPER(TRIM(SUBSTITUTE(C22," "," "))) -> Beta Stores | N22: =VLOOKUP(M22, merchant_master!$A$2:$F$6, 4, FALSE) -> Rohan Mehta | O22: =VLOOKUP(M22, merchant_master!$A$2:$F$6, 2, FALSE) -> M002 | P22: =VLOOKUP(M22, merchant_master!$A$2:$F$6, 5, FALSE) -> Electronics | Q22: =VLOOKUP(M22, merchant_master!$A$2:$F$6, 6, FALSE) -> APAC | R22: =B22 -> 46087 | S22: =IF(ISNUMBER(SEARCH("chargeback",F22)),"CHARGEBACK",IF(OR(ISNUMBER(SEARCH("fail",F22)),ISNUMBER(SEARCH("e05",F22))),"FAILED",IF(ISNUMBER(SEARCH("captured",F22)),"CAPTURED","UNKNOWN"))) -> CAPTURED | T22: =UPPER(TRIM(H22)) | U22: =VALUE(SUBSTITUTE(SUBSTITUTE(G22,"score:",""),"risk-","")) -> 63 | V22: =R22 & "|" & E22 -> 46087|INR | W22: =D22 * INDEX(exchange_rates!$C$2:$C$19, MATCH(V22, exchange_rates!$D$2:$D$19, 0)) -> 3927 | X22: =IF(OR(U22>=70, ISNUMBER(SEARCH("CHARGEBACK", S22))), 1, 0) -> 0 | Y22: =IF(AND(T22="APAC", W22>5000), 1,IF(AND(T22="EU", W22>6000), 1,IF(AND(T22="US", W22>7000), 1, 0))) -> 0
A23: T022 | B23: 46087 | C23: ALPHA MART | D23: 410000 | E23: INR | F23: captured | G23: 60 | H23: APAC | I23: U007 | J23: UPI | M23: =PROPER(TRIM(SUBSTITUTE(C23," "," "))) -> Alpha Mart | N23: =VLOOKUP(M23, merchant_master!$A$2:$F$6, 4, FALSE) -> Aisha Khan | O23: =VLOOKUP(M23, merchant_master!$A$2:$F$6, 2, FALSE) -> M001 | P23: =VLOOKUP(M23, merchant_master!$A$2:$F$6, 5, FALSE) -> Grocery | Q23: =VLOOKUP(M23, merchant_master!$A$2:$F$6, 6, FALSE) -> APAC | R23: =B23 -> 46087 | S23: =IF(ISNUMBER(SEARCH("chargeback",F23)),"CHARGEBACK",IF(OR(ISNUMBER(SEARCH("fail",F23)),ISNUMBER(SEARCH("e05",F23))),"FAILED",IF(ISNUMBER(SEARCH("captured",F23)),"CAPTURED","UNKNOWN"))) -> CAPTURED | T23: =UPPER(TRIM(H23)) -> APAC | U23: =VALUE(SUBSTITUTE(SUBSTITUTE(G23,"score:",""),"risk-","")) -> 60 | V23: =R23 & "|" & E23 -> 46087|INR | W23: =D23 * INDEX(exchange_rates!$C$2:$C$19, MATCH(V23, exchange_rates!$D$2:$D$19, 0)) -> 4879 | X23: =IF(OR(U23>=70, ISNUMBER(SEARCH("CHARGEBACK", S23))), 1, 0) -> 0 | Y23: =IF(AND(T23="APAC", W23>5000), 1,IF(AND(T23="EU", W23>6000), 1,IF(AND(T23="US", W23>7000), 1, 0))) -> 0
A24: T023 | B24: 46082 | C24: City Pharma | D24: 5200 | E24: EUR | F24: Captured | G24: 42 | H24: EU | I24: U003 | J24: Card | M24: =PROPER(TRIM(SUBSTITUTE(C24," "," "))) -> City Pharma | N24: =VLOOKUP(M24, merchant_master!$A$2:$F$6, 4, FALSE) -> Elena Rossi | O24: =VLOOKUP(M24, merchant_master!$A$2:$F$6, 2, FALSE) -> M003 | P24: =VLOOKUP(M24, merchant_master!$A$2:$F$6, 5, FALSE) -> Healthcare | Q24: =VLOOKUP(M24, merchant_master!$A$2:$F$6, 6, FALSE) -> EU | R24: =B24 -> 46082 | S24: =IF(ISNUMBER(SEARCH("chargeback",F24)),"CHARGEBACK",IF(OR(ISNUMBER(SEARCH("fail",F24)),ISNUMBER(SEARCH("e05",F24))),"FAILED",IF(ISNUMBER(SEARCH("captured",F24)),"CAPTURED","UNKNOWN"))) -> CAPTURED | T24: =UPPER(TRIM(H24)) -> EU | U24: =VALUE(SUBSTITUTE(SUBSTITUTE(G24,"score:",""),"risk-","")) -> 42 | V24: =R24 & "|" & E24 -> 46082|EUR | W24: =D24 * INDEX(exchange_rates!$C$2:$C$19, MATCH(V24, exchange_rates!$D$2:$D$19, 0)) -> 5616 | X24: =IF(OR(U24>=70, ISNUMBER(SEARCH("CHARGEBACK", S24))), 1, 0) -> 0 | Y24: =IF(AND(T24="APAC", W24>5000), 1,IF(AND(T24="EU", W24>6000), 1,IF(AND(T24="US", W24>7000), 1, 0))) -> 0
A25: T024 | B25: 46083 | C25: Eco Home | D25: 6100 | E25: EUR | F25: chargeback | G25: score:65 | H25: EU | I25: U004 | J25: Card | M25: =PROPER(TRIM(SUBSTITUTE(C25," "," "))) -> Eco Home | N25: =VLOOKUP(M25, merchant_master!$A$2:$F$6, 4, FALSE) -> Nina Weber | O25: =VLOOKUP(M25, merchant_master!$A$2:$F$6, 2, FALSE) -> M005 | P25: =VLOOKUP(M25, merchant_master!$A$2:$F$6, 5, FALSE) -> Home | Q25: =VLOOKUP(M25, merchant_master!$A$2:$F$6, 6, FALSE) -> EU | R25: =B25 -> 46083 | S25: =IF(ISNUMBER(SEARCH("chargeback",F25)),"CHARGEBACK",IF(OR(ISNUMBER(SEARCH("fail",F25)),ISNUMBER(SEARCH("e05",F25))),"FAILED",IF(ISNUMBER(SEARCH("captured",F25)),"CAPTURED","UNKNOWN"))) -> CHARGEBACK | T25: =UPPER(TRIM(H25)) -> EU | U25: =VALUE(SUBSTITUTE(SUBSTITUTE(G25,"score:",""),"risk-","")) -> 65 | V25: =R25 & "|" & E25 -> 46083|EUR | W25: =D25 * INDEX(exchange_rates!$C$2:$C$19, MATCH(V25, exchange_rates!$D$2:$D$19, 0)) -> 6649 | X25: =IF(OR(U25>=70, ISNUMBER(SEARCH("CHARGEBACK", S25))), 1, 0) -> 1 | Y25: =IF(AND(T25="APAC", W25>5000), 1,IF(AND(T25="EU", W25>6000), 1,IF(AND(T25="US", W25>7000), 1, 0))) -> 1
A26: T025 | B26: 46084 | C26: City Pharma | D26: 2800 | E26: EUR | F26: captured | G26: 38 | H26: eu | I26: U005 | J26: Wallet | M26: =PROPER(TRIM(SUBSTITUTE(C26," "," "))) -> City Pharma | N26: =VLOOKUP(M26, merchant_master!$A$2:$F$6, 4, FALSE) -> Elena Rossi | O26: =VLOOKUP(M26, merchant_master!$A$2:$F$6, 2, FALSE) -> M003 | P26: =VLOOKUP(M26, merchant_master!$A$2:$F$6, 5, FALSE) -> Healthcare | Q26: =VLOOKUP(M26, merchant_master!$A$2:$F$6, 6, FALSE) -> EU | R26: =B26 -> 46084 | S26: =IF(ISNUMBER(SEARCH("chargeback",F26)),"CHARGEBACK",IF(OR(ISNUMBER(SEARCH("fail",F26)),ISNUMBER(SEARCH("e05",F26))),"FAILED",IF(ISNUMBER(SEARCH("captured",F26)),"CAPTURED","UNKNOWN"))) -> CAPTURED | T26: =UPPER(TRIM(H26)) -> EU | U26: =VALUE(SUBSTITUTE(SUBSTITUTE(G26,"score:",""),"risk-","")) -> 38 | V26: =R26 & "|" & E26 -> 46084|EUR | W26: =D26 * INDEX(exchange_rates!$C$2:$C$19, MATCH(V26, exchange_rates!$D$2:$D$19, 0)) -> 3024 | X26: =IF(OR(U26>=70, ISNUMBER(SEARCH("CHARGEBACK", S26))), 1, 0) -> 0 | Y26: =IF(AND(T26="APAC", W26>5000), 1,IF(AND(T26="EU", W26>6000), 1,IF(AND(T26="US", W26>7000), 1, 0))) -> 0
A27: T026 | B27: 46086 | C27: Eco Home | D27: 3300 | E27: EUR | F27: Failed E05 Timeout | G27: 44 | H27: EU | I27: U006 | J27: NetBanking | M27: =PROPER(TRIM(SUBSTITUTE(C27," "," "))) -> Eco Home | N27: =VLOOKUP(M27, merchant_master!$A$2:$F$6, 4, FALSE) -> Nina Weber | O27: =VLOOKUP(M27, merchant_master!$A$2:$F$6, 2, FALSE) -> M005 | P27: =VLOOKUP(M27, merchant_master!$A$2:$F$6, 5, FALSE) -> Home | Q27: =VLOOKUP(M27, merchant_master!$A$2:$F$6, 6, FALSE) -> EU | R27: =B27 -> 46086 | S27: =IF(ISNUMBER(SEARCH("chargeback",F27)),"CHARGEBACK",IF(OR(ISNUMBER(SEARCH("fail",F27)),ISNUMBER(SEARCH("e05",F27))),"FAILED",IF(ISNUMBER(SEARCH("captured",F27)),"CAPTURED","UNKNOWN"))) -> FAILED | T27: =UPPER(TRIM(H27)) -> EU | U27: =VALUE(SUBSTITUTE(SUBSTITUTE(G27,"score:",""),"risk-","")) -> 44 | V27: =R27 & "|" & E27 -> 46086|EUR | W27: =D27 * INDEX(exchange_rates!$C$2:$C$19, MATCH(V27, exchange_rates!$D$2:$D$19, 0)) -> 3597 | X27: =IF(OR(U27>=70, ISNUMBER(SEARCH("CHARGEBACK", S27))), 1, 0) -> 0 | Y27: =IF(AND(T27="APAC", W27>5000), 1,IF(AND(T27="EU", W27>6000), 1,IF(AND(T27="US", W27>7000), 1, 0))) -> 0
A28: T027 | B28: 46082 | C28: DELTA TRAVELS | D28: 7200 | E28: USD | F28: captured | G28: 49 | H28: us | I28: U007 | J28: Card | M28: =PROPER(TRIM(SUBSTITUTE(C28," "," "))) -> Delta Travels | N28: =VLOOKUP(M28, merchant_master!$A$2:$F$6, 4, FALSE) -> Marcus Lee | O28: =VLOOKUP(M28, merchant_master!$A$2:$F$6, 2, FALSE) -> M004 | P28: =VLOOKUP(M28, merchant_master!$A$2:$F$6, 5, FALSE) -> Travel | Q28: =VLOOKUP(M28, merchant_master!$A$2:$F$6, 6, FALSE) -> US | R28: =B28 -> 46082 | S28: =IF(ISNUMBER(SEARCH("chargeback",F28)),"CHARGEBACK",IF(OR(ISNUMBER(SEARCH("fail",F28)),ISNUMBER(SEARCH("e05",F28))),"FAILED",IF(ISNUMBER(SEARCH("captured",F28)),"CAPTURED","UNKNOWN"))) -> CAPTURED | T28: =UPPER(TRIM(H28)) -> US | U28: =VALUE(SUBSTITUTE(SUBSTITUTE(G28,"score:",""),"risk-","")) -> 49 | V28: =R28 & "|" & E28 -> 46082|USD | W28: =D28 * INDEX(exchange_rates!$C$2:$C$19, MATCH(V28, exchange_rates!$D$2:$D$19, 0)) -> 7200 | X28: =IF(OR(U28>=70, ISNUMBER(SEARCH("CHARGEBACK", S28))), 1, 0) -> 0 | Y28: =IF(AND(T28="APAC", W28>5000), 1,IF(AND(T28="EU", W28>6000), 1,IF(AND(T28="US", W28>7000), 1, 0))) -> 1
A29: T028 | B29: 46083 | C29: Delta Travels | D29: 3100 | E29: USD | F29: CAPTURED | G29: risk-41 | H29: US | I29: U008 | J29: Card | M29: =PROPER(TRIM(SUBSTITUTE(C29," "," "))) -> Delta Travels | N29: =VLOOKUP(M29, merchant_master!$A$2:$F$6, 4, FALSE) -> Marcus Lee | O29: =VLOOKUP(M29, merchant_master!$A$2:$F$6, 2, FALSE) -> M004 | P29: =VLOOKUP(M29, merchant_master!$A$2:$F$6, 5, FALSE) -> Travel | Q29: =VLOOKUP(M29, merchant_master!$A$2:$F$6, 6, FALSE) -> US | R29: =B29 -> 46083 | S29: =IF(ISNUMBER(SEARCH("chargeback",F29)),"CHARGEBACK",IF(OR(ISNUMBER(SEARCH("fail",F29)),ISNUMBER(SEARCH("e05",F29))),"FAILED",IF(ISNUMBER(SEARCH("captured",F29)),"CAPTURED","UNKNOWN"))) -> CAPTURED | T29: =UPPER(TRIM(H29)) -> US | U29: =VALUE(SUBSTITUTE(SUBSTITUTE(G29,"score:",""),"risk-","")) -> 41 | V29: =R29 & "|" & E29 -> 46083|USD | W29: =D29 * INDEX(exchange_rates!$C$2:$C$19, MATCH(V29, exchange_rates!$D$2:$D$19, 0)) -> 3100 | X29: =IF(OR(U29>=70, ISNUMBER(SEARCH("CHARGEBACK", S29))), 1, 0) -> 0 | Y29: =IF(AND(T29="APAC", W29>5000), 1,IF(AND(T29="EU", W29>6000), 1,IF(AND(T29="US", W29>7000), 1, 0))) -> 0
A30: T029 | B30: 46085 | C30: delta travels | D30: 2500 | E30: USD | F30: chargeback | G30: score:58 | H30: US | I30: U009 | J30: Wallet | M30: =PROPER(TRIM(SUBSTITUTE(C30," "," "))) -> Delta Travels | N30: =VLOOKUP(M30, merchant_master!$A$2:$F$6, 4, FALSE) -> Marcus Lee | O30: =VLOOKUP(M30, merchant_master!$A$2:$F$6, 2, FALSE) -> M004 | P30: =VLOOKUP(M30, merchant_master!$A$2:$F$6, 5, FALSE) -> Travel | Q30: =VLOOKUP(M30, merchant_master!$A$2:$F$6, 6, FALSE) -> US | R30: =B30 -> 46085 | S30: =IF(ISNUMBER(SEARCH("chargeback",F30)),"CHARGEBACK",IF(OR(ISNUMBER(SEARCH("fail",F30)),ISNUMBER(SEARCH("e05",F30))),"FAILED",IF(ISNUMBER(SEARCH("captured",F30)),"CAPTURED","UNKNOWN"))) -> CHARGEBACK | T30: =UPPER(TRIM(H30)) -> US | U30: =VALUE(SUBSTITUTE(SUBSTITUTE(G30,"score:",""),"risk-","")) -> 58 | V30: =R30 & "|" & E30 -> 46085|USD | W30: =D30 * INDEX(exchange_rates!$C$2:$C$19, MATCH(V30, exchange_rates!$D$2:$D$19, 0)) -> 2500 | X30: =IF(OR(U30>=70, ISNUMBER(SEARCH("CHARGEBACK", S30))), 1, 0) -> 1 | Y30: =IF(AND(T30="APAC", W30>5000), 1,IF(AND(T30="EU", W30>6000), 1,IF(AND(T30="US", W30>7000), 1, 0))) -> 0
A31: T030 | B31: 46087 | C31: DELTA TRAVELS | D31: 1800 | E31: USD | F31: Failed E05 Timeout | G31: score:47 | H31: US | I31: U010 | J31: UPI | M31: =PROPER(TRIM(SUBSTITUTE(C31," "," "))) -> Delta Travels | N31: =VLOOKUP(M31, merchant_master!$A$2:$F$6, 4, FALSE) -> Marcus Lee | O31: =VLOOKUP(M31, merchant_master!$A$2:$F$6, 2, FALSE) -> M004 | P31: =VLOOKUP(M31, merchant_master!$A$2:$F$6, 5, FALSE) -> Travel | Q31: =VLOOKUP(M31, merchant_master!$A$2:$F$6, 6, FALSE) -> US | R31: =B31 -> 46087 | S31: =IF(ISNUMBER(SEARCH("chargeback",F31)),"CHARGEBACK",IF(OR(ISNUMBER(SEARCH("fail",F31)),ISNUMBER(SEARCH("e05",F31))),"FAILED",IF(ISNUMBER(SEARCH("captured",F31)),"CAPTURED","UNKNOWN"))) -> FAILED | T31: =UPPER(TRIM(H31)) -> US | U31: =VALUE(SUBSTITUTE(SUBSTITUTE(G31,"score:",""),"risk-","")) -> 47 | V31: =R31 & "|" & E31 -> 46087|USD | W31: =D31 * INDEX(exchange_rates!$C$2:$C$19, MATCH(V31, exchange_rates!$D$2:$D$19, 0)) -> 1800 | X31: =IF(OR(U31>=70, ISNUMBER(SEARCH("CHARGEBACK", S31))), 1, 0) -> 0 | Y31: =IF(AND(T31="APAC", W31>5000), 1,IF(AND(T31="EU", W31>6000), 1,IF(AND(T31="US", W31>7000), 1, 0))) -> 0

Sheet exchange_rates
A1: rate_date | B1: currency | C1: usd_rate | D1: key
A2: 46082 | B2: INR | C2: 0.0119 | D2: =A2 & "|" & B2 -> 46082|INR
A3: 46082 | B3: EUR | C3: 1.08 | D3: =A3 & "|" & B3 -> 46082|EUR
A4: 46082 | B4: USD | C4: 1 | D4: =A4 & "|" & B4 -> 46082|USD
A5: 46083 | B5: INR | C5: 0.012 | D5: =A5 & "|" & B5 -> 46083|INR
A6: 46083 | B6: EUR | C6: 1.09 | D6: =A6 & "|" & B6 -> 46083|EUR
A7: 46083 | B7: USD | C7: 1 | D7: =A7 & "|" & B7 -> 46083|USD
A8: 46084 | B8: INR | C8: 0.0121 | D8: =A8 & "|" & B8 -> 46084|INR
A9: 46084 | B9: EUR | C9: 1.08 | D9: =A9 & "|" & B9 -> 46084|EUR
A10: 46084 | B10: USD | C10: 1 | D10: =A10 & "|" & B10 -> 46084|USD
A11: 46085 | B11: INR | C11: 0.012 | D11: =A11 & "|" & B11 -> 46085|INR
A12: 46085 | B12: EUR | C12: 1.07 | D12: =A12 & "|" & B12 -> 46085|EUR
A13: 46085 | B13: USD | C13: 1 | D13: =A13 & "|" & B13 -> 46085|USD
... A19: 46087 | B19: USD | C19: 1 | D19: =A19 & "|" & B19 -> 46087|USD

Sheet merchant_master
A1: standarized_merchant | B1: merchant_id | C1: merchant_name | D1: account_manager | E1: merchant_category | F1: default_region
A2: =PROPER(TRIM(SUBSTITUTE(C2," "," "))) -> Alpha Mart | B2: M001 | C2: Alpha Mart | D2: Aisha Khan | E2: Grocery | F2: APAC
A3: =PROPER(TRIM(SUBSTITUTE(C3," "," "))) -> Beta Stores | B3: M002 | C3: Beta Stores | D3: Rohan Mehta | E3: Electronics | F3: APAC
A4: =PROPER(TRIM(SUBSTITUTE(C4," "," "))) -> City Pharma | B4: M003 | C4: City Pharma | D4: Elena Rossi | E4: Healthcare | F4: EU
A5: =PROPER(TRIM(SUBSTITUTE(C5," "," "))) -> Delta Travels | B5: M004 | C5: Delta Travels | D5: Marcus Lee | E5: Travel | F5: US
A6: =PROPER(TRIM(SUBSTITUTE(C6," "," "))) -> Eco Home | B6: M005 | C6: Eco Home | D6: Nina Weber | E6: Home | F6: EU
